Years ,New South Wales DT PENALTY,Victoria DT PENALTY,Queensland DT PENALTY,South Australia  DT PENALTY,Western Australia DT PENALTY,Tasmania DT PENALTY,Northern Territory DT PENALTY,Australian Capital Territory DT PENALTY
2016,0.17227785014673191,0.1582877552470885,0.13300748651814365,0.1415825889680269,0.2490390772744817,0.12231026129734124,0.20414679218023757,0.051777438779576634
2017,0.16789462146414902,0.15266670566019513,0.12709176717504578,0.13743503782935917,0.24590685857847205,0.11680672978890083,0.20753248885029585,0.05005056309876288
2018,0.16362291433623977,0.14724526847167496,0.12143915885120204,0.133408985955346,0.242814034478954,0.11155083783860764,0.21097433600804827,0.048381281993642
2019,0.1594598913438139,0.1420163551282343,0.11603795926588711,0.12950087412011957,0.23976010950151405,0.1065314425374626,0.21447326488790708,0.04676767457599662
