Years,New South Wales DT PENALTY,Victoria DT PENALTY,Queensland DT PENALTY,South Australia  DT PENALTY,Western Australia DT PENALTY,Tasmania DT PENALTY,Northern Territory DT PENALTY,Australian Capital Territory DT PENALTY
2016,0.16297572461326076,0.1777269108549517,0.12605811086244384,0.1478668372320138,0.25246419990075164,0.13636777250844664,0.17404423729429802,0.06477472115655825
2017,0.15747881157055027,0.18071088588506268,0.12605811086244384,0.15974099454054355,0.25701572505273435,0.13372422724633068,0.18321135583979303,0.06477472115655825
2018,0.15010939421779101,0.1833650379686463,0.12605811086244384,0.16663533834515812,0.26052986754962176,0.1411388131361274,0.18321135583979303,0.06477472115655825
2019,0.1413101365013024,0.18572582289871636,0.12605811086244384,0.17063831516794983,0.26324306742792,0.15905465970623356,0.18321135583979303,0.06477472115655825
