Years ,New South Wales DT PENALTY,Victoria DT PENALTY,Queensland DT PENALTY,South Australia  DT PENALTY,Western Australia DT PENALTY,Tasmania DT PENALTY,Northern Territory DT PENALTY,Australian Capital Territory DT PENALTY
2016,416.712837169936,386.039567741139,17.0680032897695,644.822548302088,9.28692532893465,269.037229891585,7.74223707378742,235.651115365333
2017,979.881850319192,897.716392455723,27.5563549973663,1652.36432782956,12.9341872032217,619.956756509490,10.9580435367453,603.051368328342
2018,2304.45891483022,2087.89523516480,44.5485425029650,4234.52880032699,18.0563697949078,1428.81577762263,15.5419661607284,1543.37753907426
2019,5419.86197327521,4856.28443779945,72.0746545894314,10852.1786615865,25.2489649844610,3293.20092781181,22.0763761476992,3950.04793988094
