Years ,New South Wales DT PENALTY,Victoria DT PENALTY,Queensland DT PENALTY,South Australia  DT PENALTY,Western Australia DT PENALTY,Tasmania DT PENALTY,Northern Territory DT PENALTY,Australian Capital Territory DT PENALTY
2020,0.1334721032291255,0.13515417775300476,0.0935280707335937,0.10498916803270664,0.1856706787583997,0.09271056938274658,0.1351284688911285,0.03691441495989012
2021,0.12840343386479924,0.13016928762956903,0.08810242144674962,0.10037685538149654,0.17955256729040947,0.08784856415091102,0.13170697098583783,0.035111788189058135
2022,0.12352724973523976,0.1253682551563795,0.08299151905838142,0.09596716770951952,0.17363605624842648,0.0832415362645067,0.12837210654877307,0.03339718836592254
2023,0.11883624111812363,0.12074429911364826,0.07817710481181983,0.09175120343414234,0.16791450261327867,0.07887611398829097,0.12512168199161966,0.031766316905970315
2024,0.11432337588145991,0.11629088839324231,0.07364197915764104,0.08772045203099443,0.16238148226267857,0.07473962683875612,0.12195355926845242,0.030215085135734787
2025,0.10998188894196081,0.11200173277382541,0.06936994030807986,0.08386677685427069,0.15703078275824378,0.0708200688084828,0.1188656544693858,0.028739604042296696
